{"cameraMode":{"drawMode":0,"name":"Shaded","section":"Shading Mode"},"sceneLighting":true,"audioPlay":false,"sceneViewState":{"showFog":true,"showMaterialUpdate":false,"showSkybox":true,"showFlares":true,"showImageEffects":true,"showParticleSystems":true},"in2DMode":false,"pivot":{"x":121.27985382080078,"y":1378.663818359375,"z":333.6448059082031},"rotation":{"x":0.11136380583047867,"y":-0.07297421246767044,"z":0.008203922770917416,"w":0.9910707473754883},"size":841.9857788085938,"orthographic":false}