{"cameraMode":{"drawMode":0,"name":"Shaded","section":"Shading Mode"},"sceneLighting":true,"audioPlay":false,"sceneViewState":{"showFog":true,"showMaterialUpdate":false,"showSkybox":true,"showFlares":true,"showImageEffects":true,"showParticleSystems":true},"in2DMode":false,"pivot":{"x":4.61324405670166,"y":-0.5208214521408081,"z":-0.9655433893203735},"rotation":{"x":0.11136380583047867,"y":-0.07297421246767044,"z":0.008203922770917416,"w":0.9910707473754883},"size":4.424983501434326,"orthographic":false}